id,title,text,token_count
1,"Artificial Intelligence","Artificial intelligence (AI) is intelligence demonstrated by machines, in contrast to the natural intelligence displayed by humans and animals. Leading AI textbooks define the field as the study of intelligent agents: any device that perceives its environment and takes actions that maximize its chance of successfully achieving its goals.",60
2,"Machine Learning","Machine learning (ML) is the study of computer algorithms that improve automatically through experience and by the use of data. It is seen as a part of artificial intelligence. Machine learning algorithms build a model based on sample data, known as training data, in order to make predictions or decisions without being explicitly programmed to do so.",65
3,"Deep Learning","Deep learning is part of a broader family of machine learning methods based on artificial neural networks with representation learning. Learning can be supervised, semi-supervised or unsupervised. Deep learning architectures such as deep neural networks, recurrent neural networks and transformers have been applied to fields including computer vision and natural language processing.",58
4,"Natural Language Processing","Natural language processing (NLP) is a subfield of linguistics, computer science, and artificial intelligence concerned with the interactions between computers and human language, in particular how to program computers to process and analyze large amounts of natural language data. The goal is a computer capable of understanding the contents of documents.",55
5,"Computer Vision","Computer vision is an interdisciplinary scientific field that deals with how computers can gain high-level understanding from digital images or videos. From the perspective of engineering, it seeks to understand and automate tasks that the human visual system can do. Computer vision tasks include methods for acquiring, processing, analyzing and understanding digital images.",58
6,"Neural Networks","Artificial neural networks (ANNs), usually simply called neural networks (NNs), are computing systems vaguely inspired by the biological neural networks that constitute animal brains. An ANN is based on a collection of connected units or nodes called artificial neurons, which loosely model the neurons in a biological brain.",52
7,"Reinforcement Learning","Reinforcement learning (RL) is an area of machine learning concerned with how intelligent agents ought to take actions in an environment in order to maximize the notion of cumulative reward. Reinforcement learning is one of three basic machine learning paradigms, alongside supervised learning and unsupervised learning.",48
8,"Quantum Computing","Quantum computing is a type of computation that harnesses the phenomena of quantum mechanics, such as superposition, interference, and entanglement. Devices that perform quantum computations are known as quantum computers. Though current quantum computers are too small to outperform usual computers for practical applications, they are believed to be capable of solving certain computational problems.",62
9,"Blockchain Technology","A blockchain is a growing list of records, called blocks, that are linked together using cryptography. Each block contains a cryptographic hash of the previous block, a timestamp, and transaction data. The timestamp proves that the transaction data existed when the block was published in order to get into its hash.",54
10,"Internet of Things","The Internet of things (IoT) describes physical objects that are embedded with sensors, processing ability, software, and other technologies that connect and exchange data with other devices and systems over the Internet or other communications networks. IoT devices are a part of the larger concept of home automation and smart homes.",56
11,"Cloud Computing","Cloud computing is the on-demand availability of computer system resources, especially data storage and computing power, without direct active management by the user. Large clouds often have functions distributed over multiple locations, each location being a data center. Cloud computing relies on sharing of resources to achieve coherence and economies of scale.",58
12,"Big Data","Big data is a field that treats ways to analyze, systematically extract information from, or otherwise deal with data sets that are too large or complex to be dealt with by traditional data-processing application software. Data with many fields offer greater statistical power, while data with higher complexity may lead to a higher false discovery rate.",60
13,"Cybersecurity","Computer security, cybersecurity or information technology security is the protection of computer systems and networks from information disclosure, theft of or damage to their hardware, software, or electronic data, as well as from the disruption or misdirection of the services they provide. The field is becoming increasingly significant due to the continuously expanding reliance on computer systems.",62
14,"Data Science","Data science is an interdisciplinary field that uses scientific methods, processes, algorithms and systems to extract knowledge and insights from structured and unstructured data, and apply knowledge and actionable insights from data across a broad range of application domains. Data science is related to data mining, machine learning and big data.",54
15,"Robotics","Robotics is an interdisciplinary field that integrates computer science and engineering. Robotics involves design, construction, operation, and use of robots. The goal of robotics is to design machines that can help and assist humans. Robotics integrates fields of mechanical engineering, electrical engineering, information engineering, mechatronics, electronics, bioengineering, computer engineering, control engineering, software engineering, mathematics, etc.",65
16,"Virtual Reality","Virtual reality (VR) is a simulated experience that can be similar to or completely different from the real world. Applications of virtual reality include entertainment, education and business. Other distinct types of VR-style technology include augmented reality and mixed reality, sometimes referred to as extended reality or XR.",52
17,"Augmented Reality","Augmented reality (AR) is an interactive experience of a real-world environment where the objects that reside in the real world are enhanced by computer-generated perceptual information, sometimes across multiple sensory modalities, including visual, auditory, haptic, somatosensory and olfactory. AR can be defined as a system that incorporates three basic features.",58
18,"5G Technology","5G is the fifth generation technology standard for broadband cellular networks, which cellular phone companies began deploying worldwide in 2019, and is the planned successor to the 4G networks which provide connectivity to most current cellphones. 5G networks are predicted to have more than 1.7 billion subscribers worldwide by 2025.",52
19,"Edge Computing","Edge computing is a distributed computing paradigm that brings computation and data storage closer to the location where it is needed to improve response times and save bandwidth. The origins of edge computing lie in content delivery networks that were created in the late 1990s to serve web and video content from edge servers.",56
20,"Autonomous Vehicles","An autonomous vehicle is a vehicle capable of sensing its environment and operating without human involvement. A human passenger is not required to take control of the vehicle at any time, nor is a human passenger required to be present in the vehicle at all. An autonomous vehicle can go anywhere a traditional vehicle goes.",56
21,"Bioinformatics","Bioinformatics is an interdisciplinary field that develops methods and software tools for understanding biological data, in particular when the data sets are large and complex. As an interdisciplinary field of science, bioinformatics combines biology, computer science, information engineering, mathematics and statistics to analyze and interpret biological data.",52
22,"Cryptocurrency","A cryptocurrency is a digital or virtual currency that is secured by cryptography, which makes it nearly impossible to counterfeit or double-spend. Many cryptocurrencies are decentralized networks based on blockchain technology—a distributed ledger enforced by a disparate network of computers. A defining feature of cryptocurrencies is that they are generally not issued by any central authority.",62
23,"DevOps","DevOps is a set of practices that combines software development and IT operations. It aims to shorten the systems development life cycle and provide continuous delivery with high software quality. DevOps is complementary with Agile software development; several DevOps aspects came from the Agile methodology.",46
24,"Microservices","Microservices are a software development technique—a variant of the service-oriented architecture architectural style that structures an application as a collection of loosely coupled services. In a microservices architecture, services are fine-grained and the protocols are lightweight. The goal is to improve modularity and make applications easier to develop.",56
25,"Container Technology","Container technology, also simply known as containers, is a form of operating system virtualization. A single container might be used to run anything from a small microservice or software process to a larger application. Inside a container are all the necessary executables, binary code, libraries, and configuration files.",52
26,"Serverless Computing","Serverless computing is a cloud computing execution model in which the cloud provider allocates machine resources on demand, taking care of the servers on behalf of their customers. Serverless computing does not hold resources in volatile memory; computing is rather done in short bursts with the results persisted to storage.",52
27,"GraphQL","GraphQL is an open-source data query and manipulation language for APIs, and a runtime for fulfilling queries with existing data. GraphQL was developed internally by Facebook in 2012 before being publicly released in 2015. It provides an approach to developing web APIs and has been compared and contrasted with REST and other web service architectures.",56
28,"WebAssembly","WebAssembly is a binary instruction format for a stack-based virtual machine. WebAssembly is designed as a portable compilation target for programming languages, enabling deployment on the web for client and server applications. WebAssembly is an open standard that defines a portable binary-code format for executable programs.",48
29,"Progressive Web Apps","Progressive Web Apps are a type of application software delivered through the web, built using common web technologies including HTML, CSS and JavaScript. They are intended to work on any platform that uses a standards-compliant browser, including both desktop and mobile devices. PWAs combine the flexibility of the web with the experience of a native application.",58
30,"API Economy","The API economy is a term that describes the way application programming interfaces (APIs) can positively affect an organization's profitability. APIs help businesses to grow by extending their operations to external third-party developers, business partners, and internal departments. The API economy allows organizations to exchange data with outside entities.",52
31,"Digital Twin","A digital twin is a virtual representation that serves as the real-time digital counterpart of a physical object or process. Though the concept originated earlier, the first practical definition of digital twin originated from NASA in an attempt to improve physical model simulation of spacecraft. Digital twins are the result of continual improvement in the creation of product design.",60
32,"Federated Learning","Federated learning is a machine learning technique that trains an algorithm across multiple decentralized edge devices or servers holding local data samples, without exchanging them. This approach stands in contrast to traditional centralized machine learning techniques where all the local datasets are uploaded to one server.",48
33,"Zero Trust Security","Zero trust is a security concept centered on the belief that organizations should not automatically trust anything inside or outside its perimeters and instead must verify anything and everything trying to connect to its systems before granting access. The philosophy behind a zero trust network assumes that there are attackers both within and outside of the network.",58
34,"Homomorphic Encryption","Homomorphic encryption is a form of encryption that permits users to perform computations on its encrypted data without first decrypting it. These resulting computations are left in an encrypted form which, when decrypted, result in an identical output to that produced had the operations been performed on the unencrypted data.",52
35,"Differential Privacy","Differential privacy is a system for publicly sharing information about a dataset by describing the patterns of groups within the dataset while withholding information about individuals in the dataset. The idea behind differential privacy is that if the effect of making an arbitrary single substitution in the database is sufficiently small.",54
36,"Explainable AI","Explainable artificial intelligence is artificial intelligence in which the results of the solution can be understood by humans. It contrasts with the concept of the black box in machine learning where even its designers cannot explain why an AI arrived at a specific decision. XAI is an implementation of the social right to explanation.",56
37,"Transfer Learning","Transfer learning is a machine learning method where a model developed for a task is reused as the starting point for a model on a second task. It is a popular approach in deep learning where pre-trained models are used as the starting point on computer vision and natural language processing tasks.",52
38,"Generative AI","Generative artificial intelligence or generative AI is artificial intelligence capable of generating text, images, or other media, using generative models. Generative AI models learn the patterns and structure of their input training data and then generate new data that has similar characteristics.",46
39,"Computer Graphics","Computer graphics deals with generating images with the aid of computers. Today, computer graphics is a core technology in digital photography, film, video games, cell phone and computer displays, and many specialized applications. A great deal of specialized hardware and software has been developed to support computer graphics.",48
40,"Distributed Systems","A distributed system is a system whose components are located on different networked computers, which communicate and coordinate their actions by passing messages to one another from any system. The components interact with one another in order to achieve a common goal. Distributed computing also refers to the use of distributed systems.",54
41,"Parallel Computing","Parallel computing is a type of computation in which many calculations or processes are carried out simultaneously. Large problems can often be divided into smaller ones, which can then be solved at the same time. There are several different forms of parallel computing: bit-level, instruction-level, data, and task parallelism.",50
42,"Compiler Design","Compiler design covers the design and implementation of compilers. A compiler is a computer program that transforms source code written in a programming language into another computer language. The most common reason for converting source code is to create an executable program. The name compiler is primarily used for programs that translate.",54
43,"Operating Systems","An operating system is system software that manages computer hardware, software resources, and provides common services for computer programs. Time-sharing operating systems schedule tasks for efficient use of the system and may also include accounting software for cost allocation of processor time, mass storage, printing, and other resources.",52
44,"Database Management","A database management system is a software application that interacts with end users, other applications, and the database itself to capture and analyze data. A general-purpose DBMS allows the definition, creation, querying, update, and administration of databases. Well-known DBMSs include MySQL, PostgreSQL, MongoDB, MariaDB, Microsoft SQL Server, and Oracle.",56
45,"Software Engineering","Software engineering is the systematic application of engineering approaches to the development of software. Software engineering is a computing discipline. A software engineer is a person who applies the principles of software engineering to design, develop, maintain, test, and evaluate computer software.",46
46,"Network Security","Network security consists of the policies, processes and practices adopted to prevent, detect and monitor unauthorized access, misuse, modification, or denial of a computer network and network-accessible resources. Network security involves the authorization of access to data in a network, which is controlled by the network administrator.",52
47,"Information Retrieval","Information retrieval is the activity of obtaining information system resources that are relevant to an information need from a collection of those resources. Searches can be based on full-text or other content-based indexing. Information retrieval is the science of searching for information in a document, searching for documents themselves.",52
48,"Human-Computer Interaction","Human–computer interaction studies the design and use of computer technology, focused on the interfaces between people and computers. Researchers in the field of HCI observe the ways in which humans interact with computers and design technologies that let humans interact with computers in novel ways. HCI is a multidisciplinary field.",50
49,"Computational Biology","Computational biology involves the development and application of data-analytical and theoretical methods, mathematical modeling and computational simulation techniques to the study of biological, ecological, behavioral, and social systems. The field is broadly defined and includes foundations in biology, applied mathematics, statistics, biochemistry, chemistry, biophysics.",52
50,"Digital Transformation","Digital transformation is the adoption of digital technology to transform services or businesses, through replacing non-digital or manual processes with digital processes or replacing older digital technology with newer digital technology. Digital transformation may enable - in addition to efficiency improvements - new types of innovation and creativity.",50